{"count":1,"self":148.47720959999998,"total":539.46008699999993,"children":{"InitializeActuators":{"count":9,"self":0.0020011,"total":0.0020011,"children":null},"InitializeSensors":{"count":9,"self":0.0040003,"total":0.0040003,"children":null},"AgentSendState":{"count":192167,"self":15.586043199999999,"total":34.218033399999996,"children":{"CollectObservations":{"count":345906,"self":2.1541476,"total":2.1541475,"children":null},"WriteActionMask":{"count":345906,"self":0.97240549999999992,"total":0.97240549999999992,"children":null},"RequestDecision":{"count":345906,"self":3.89057,"total":15.505437599999999,"children":{"AgentInfo.ToProto":{"count":345906,"self":3.2017892,"total":11.614867499999999,"children":{"GenerateSensorData":{"count":345906,"self":6.4885247999999995,"total":8.4130782,"children":{"RayPerceptionSensor.Perceive":{"count":345906,"self":1.9245535999999999,"total":1.9245534999999998,"children":null}}}}}}}}},"DecideAction":{"count":192167,"self":352.2722816,"total":352.2722723,"children":null},"AgentAct":{"count":192167,"self":4.1132552,"total":4.1132551,"children":null},"AgentInfo.ToProto":{"count":8567,"self":0.1261917,"total":0.37231929999999996,"children":{"GenerateSensorData":{"count":8567,"self":0.1940856,"total":0.2461276,"children":{"RayPerceptionSensor.Perceive":{"count":8567,"self":0.052042,"total":0.052042,"children":null}}}}}},"gauges":{"TankBrainML.CumulativeReward":{"count":8567,"max":10,"min":-2,"runningAverage":9.245006,"value":10,"weightedAverage":9.999987}},"metadata":{"timer_format_version":"0.1.0","start_time_seconds":"1711997465","unity_version":"2022.3.11f1","command_line_arguments":"C:\\Program Files\\Unity\\Hub\\Editor\\2022.3.11f1\\Editor\\Unity.exe -projectpath D:\\MyPC\\Work\\Unity2024\\AIHiren\\My project -useHub -hubIPC -cloudEnvironment production -licensingIpc LicenseClient-Engine -hubSessionId d98066c7-077e-490a-a5c6-d10ef30210b4 -accessToken puyT0qlzZJQP61Ig89XR2sLwCQVps62QTm4CkO3RXVI005f","communication_protocol_version":"1.5.0","com.unity.ml-agents_version":"2.0.1","scene_name":"TankMLAgents","end_time_seconds":"1711998004"}}